name,scholarly_or_official_url,license_or_terms,access_date,resource_type,acquisition_method,integration_mode,supported_claim,internals_modified
Assessing Spear-Phishing Website Generation in Large Language Model Coding Agents,https://arxiv.org/abs/2602.13363,arXiv access; paper copyright retained by authors,2026-09-17,scholarly paper,read-only full-text and metadata access,citation and motivating context only,Reports 200 generated website codebases and interaction logs from 40 coding agents; it does not define the IWB relation or checker,no
assessingSpearPhishing repository,https://github.com/TailiaReganMalloy/assessingSpearPhishing,MIT,2026-09-17,public repository,GitHub connector metadata and code-search queries,metadata/index counts only; no source file redistributed,Static boundary audit and immutable repository revision,no
HTML Living Standard,https://html.spec.whatwg.org/,WHATWG copyright and document terms,2026-09-17,formal web standard,read-only web access,terminology and scope comparison only,HTML parsing and element semantics are broader than the admitted event language,no
DOM Standard,https://dom.spec.whatwg.org/,WHATWG copyright and document terms,2026-09-17,formal web standard,read-only web access,terminology only,Clarifies that IWB is not browser DOM equivalence,no
CSS Syntax Module Level 3,https://www.w3.org/TR/css-syntax-3/,W3C document license,2026-09-17,formal web standard,read-only web access,terminology and boundary only,CSS tokenization and error recovery are broader than the admitted scanner,no
Selectors Level 4,https://www.w3.org/TR/selectors-4/,W3C document license,2026-09-17,formal web standard,read-only web access,terminology and boundary only,IWB admits only a small selector grammar,no
CSS Cascading and Inheritance Level 5,https://www.w3.org/TR/css-cascade-5/,W3C document license,2026-09-17,formal web standard,read-only web access,terminology and boundary only,Browser cascade semantics are outside IWB except for the declared duplicate-free longhand subset,no
URI Generic Syntax (RFC 3986),https://www.rfc-editor.org/rfc/rfc3986,IETF Trust terms,2026-09-17,internet standard,read-only web access,reference-resolution terminology only,Local relative-reference boundary,no
JSON Data Interchange Syntax (RFC 8259),https://www.rfc-editor.org/rfc/rfc8259,IETF Trust terms,2026-09-17,internet standard,read-only web access,manifest/certificate format context only,Strict UTF-8 JSON with duplicate-key rejection,no
Unicode Normalization Forms (UAX #15),https://www.unicode.org/reports/tr15/,Unicode terms of use,2026-09-17,technical standard,read-only web access,normalization definition only,NFC normalization of text and literal strings,no
IEEE Computer Society journal author guidance,https://www.computer.org/csdl/journal/ts/write-for-us/15090,IEEE website terms,2026-09-17,publisher workflow source,read-only web access,venue-contract verification only,"Journal template, publication-specific overlength guidance, separate-supplement workflow, and TSE review-model guidance",no
IEEEtran template assets supplied with the project,local TEMPLATE(20260915-025940).zip,Embedded LPPL notices,2026-09-17,publisher template,user-supplied archive,copied unmodified into paper/ only,IEEE journal layout for the internal manuscript,no
CSS Box Alignment Module Level 3 section 8.2,https://www.w3.org/TR/2026/WD-css-align-3-20260130/,W3C document license,2026-09-26,formal web standard Working Draft,read-only official web passage,citation; no standard code integrated,gap is shorthand for row-gap and column-gap,no
