group,key,title,role,full_text_locator,inspection_scope,checked_date,notes
same-venue-tse,kamiya2002,CCFinder: A Multilinguistic Token-Based Code Clone Detection System for Large Scale Source Code,token normalization and tool-centered TSE evaluation,https://doi.org/10.1109/TSE.2002.1019480,"problem, abstraction, argument/evaluation, threats, artifact role, narrative sequence, and figure/table use",2026-09-17,bibliographic identity rechecked in this completion round; synthesis is recorded in research-plan.md
same-venue-tse,bellon2007,Comparison and Evaluation of Clone Detection Tools,"explicit benchmark, reference set, and tool-comparison denominators",https://doi.org/10.1109/TSE.2007.70725,"problem, abstraction, argument/evaluation, threats, artifact role, narrative sequence, and figure/table use",2026-09-17,bibliographic identity rechecked in this completion round; synthesis is recorded in research-plan.md
same-venue-tse,li2006cpminer,CP-Miner: Finding Copy-Paste and Related Bugs in Large-Scale Software Code,scalable clone mining tied to bug consequences,https://doi.org/10.1109/TSE.2006.28,"problem, abstraction, argument/evaluation, threats, artifact role, narrative sequence, and figure/table use",2026-09-17,bibliographic identity rechecked in this completion round; synthesis is recorded in research-plan.md
same-venue-tse,fluri2007,Change Distilling: Tree Differencing for Fine-Grained Source Code Change Extraction,fine-grained ordered tree edits and empirical comparison,https://doi.org/10.1109/TSE.2007.70731,"problem, abstraction, argument/evaluation, threats, artifact role, narrative sequence, and figure/table use",2026-09-17,bibliographic identity rechecked in this completion round; synthesis is recorded in research-plan.md
same-venue-tse,tian2015,Software Plagiarism Detection with Birthmarks Based on Dynamic Key Instruction Sequences,task-specific birthmark robustness and credibility evaluation,https://doi.org/10.1109/TSE.2015.2454508,"problem, abstraction, argument/evaluation, threats, artifact role, narrative sequence, and figure/table use",2026-09-17,bibliographic identity rechecked in this completion round; synthesis is recorded in research-plan.md
same-venue-tse,ragkhitwetsagul2021,Toxic Code Snippets on Stack Overflow,large-scale tracing with explicit heuristic validation and threats,https://doi.org/10.1109/TSE.2019.2900307,"problem, abstraction, argument/evaluation, threats, artifact role, narrative sequence, and figure/table use",2026-09-17,bibliographic identity rechecked in this completion round; synthesis is recorded in research-plan.md
same-venue-tse,alhazami2023,Graph-of-Code: Semantic Clone Detection Using Graph Fingerprints,"graph representation, comparative evaluation, and ablations",https://doi.org/10.1109/TSE.2023.3276780,"problem, abstraction, argument/evaluation, threats, artifact role, narrative sequence, and figure/table use",2026-09-17,bibliographic identity rechecked in this completion round; synthesis is recorded in research-plan.md
same-venue-tse,barr2015,The Oracle Problem in Software Testing: A Survey,oracle taxonomy and boundary discipline,https://doi.org/10.1109/TSE.2014.2372785,"problem, abstraction, argument/evaluation, threats, artifact role, narrative sequence, and figure/table use",2026-09-17,bibliographic identity rechecked in this completion round; synthesis is recorded in research-plan.md
same-venue-tse,mongiovi2018,Detecting Overly Strong Preconditions in Refactoring Engines,negative-space analysis of overly strong tool preconditions,https://doi.org/10.1109/TSE.2017.2693982,"problem, abstraction, argument/evaluation, threats, artifact role, narrative sequence, and figure/table use",2026-09-17,bibliographic identity rechecked in this completion round; synthesis is recorded in research-plan.md
same-venue-tse,afrose2023,Evaluation of Static Vulnerability Detection Tools with Java Cryptographic API Benchmarks,benchmark construction as a first-class contribution,https://doi.org/10.1109/TSE.2022.3154717,"problem, abstraction, argument/evaluation, threats, artifact role, narrative sequence, and figure/table use",2026-09-17,bibliographic identity rechecked in this completion round; synthesis is recorded in research-plan.md
same-venue-tse,zhang2023cpvd,CPVD: Cross Project Vulnerability Detection Based on Graph Attention Network and Domain Adaptation,component-to-ablation mapping in cross-project evaluation,https://doi.org/10.1109/TSE.2023.3285910,"problem, abstraction, argument/evaluation, threats, artifact role, narrative sequence, and figure/table use",2026-09-17,bibliographic identity rechecked in this completion round; synthesis is recorded in research-plan.md
same-venue-tse,sharma2021,Finding Substitutable Binary Code by Synthesizing Adapters,formal substitutability connected to implemented search evidence,https://doi.org/10.1109/TSE.2019.2931000,"problem, abstraction, argument/evaluation, threats, artifact role, narrative sequence, and figure/table use",2026-09-17,bibliographic identity rechecked in this completion round; synthesis is recorded in research-plan.md
influential-foundation,newman1942,On Theories with a Combinatorial Definition of ``Equivalence'',termination/local-confluence conditions,https://doi.org/10.2307/1968867,"formal statement, assumptions, proof/algorithm boundary, and lesson for the IWB theorem/checker",2026-09-17,bibliographic identity rechecked in this completion round; synthesis is recorded in research-plan.md
influential-foundation,knuth1970,Simple Word Problems in Universal Algebras,critical-pair and completion failure discipline,https://doi.org/10.1016/B978-0-08-012975-4.50028-X,"formal statement, assumptions, proof/algorithm boundary, and lesson for the IWB theorem/checker",2026-09-17,bibliographic identity rechecked in this completion round; synthesis is recorded in research-plan.md
influential-foundation,mazurkiewicz1986,Trace Theory,equivalence modulo declared commutations,https://doi.org/10.1007/3-540-17906-2_30,"formal statement, assumptions, proof/algorithm boundary, and lesson for the IWB theorem/checker",2026-09-17,bibliographic identity rechecked in this completion round; synthesis is recorded in research-plan.md
influential-foundation,babai2016,Graph Isomorphism in Quasipolynomial Time,symmetry beyond anchors and conservative rejection,https://doi.org/10.1145/2897518.2897542,"formal statement, assumptions, proof/algorithm boundary, and lesson for the IWB theorem/checker",2026-09-17,bibliographic identity rechecked in this completion round; synthesis is recorded in research-plan.md
influential-foundation,necula1997,Proof-Carrying Code,producer/checker trust separation,https://doi.org/10.1145/263699.263712,"formal statement, assumptions, proof/algorithm boundary, and lesson for the IWB theorem/checker",2026-09-17,bibliographic identity rechecked in this completion round; synthesis is recorded in research-plan.md
adjacent-venue,jiang2007deckard,DECKARD: Scalable and Accurate Tree-Based Detection of Code Clones,representation-to-metric narrative in clone detection,https://doi.org/10.1109/ICSE.2007.30,"method framing, evaluation breadth, artifact strength, threats, and visual/narrative role",2026-09-17,bibliographic identity rechecked in this completion round; synthesis is recorded in research-plan.md
adjacent-venue,sajnani2016,SourcererCC: Scaling Code Clone Detection to Big-Code,"scalability obstacle, indexing mechanism, and breadth evidence",https://doi.org/10.1145/2884781.2884877,"method framing, evaluation breadth, artifact strength, threats, and visual/narrative role",2026-09-17,bibliographic identity rechecked in this completion round; synthesis is recorded in research-plan.md
adjacent-venue,svajlenko2015,Evaluating Clone Detection Tools with BigCloneBench,benchmark construction and explicit clone taxonomy,https://doi.org/10.1109/ICSM.2015.7332459,"method framing, evaluation breadth, artifact strength, threats, and visual/narrative role",2026-09-17,bibliographic identity rechecked in this completion round; synthesis is recorded in research-plan.md
adjacent-venue,choudhary2013,X-PERT: Accurate Identification of Cross-Browser Issues in Web Applications,web execution assumptions contrasted with static IWB scope,https://doi.org/10.1109/ICSE.2013.6606616,"method framing, evaluation breadth, artifact strength, threats, and visual/narrative role",2026-09-17,bibliographic identity rechecked in this completion round; synthesis is recorded in research-plan.md
adjacent-venue,lopes2021alive2,Alive2: Bounded Translation Validation for LLVM,validator contracts and unsupported outcomes distinct from false verdicts,https://doi.org/10.1145/3453483.3454030,"method framing, evaluation breadth, artifact strength, threats, and visual/narrative role",2026-09-17,bibliographic identity rechecked in this completion round; synthesis is recorded in research-plan.md
