key,kind,title,year,identifier_or_url,verification_source,verification_scope,status,checked_date,notes
malloy2026,article,Assessing Spear-Phishing Website Generation in Large Language Model Coding Agents,2026,10.48550/arXiv.2602.13363,https://doi.org/10.48550/arXiv.2602.13363,"title, author list, year, venue/pages where applicable, identifier, and manuscript citation context rechecked; full-text reading not asserted",verified-metadata,2026-09-17,no discrepancy retained in this audit
pearce2022,inproceedings,Asleep at the Keyboard? Assessing the Security of GitHub Copilot's Code Contributions,2022,10.1109/SP46214.2022.9833571,https://doi.org/10.1109/SP46214.2022.9833571,"title, author list, year, venue/pages where applicable, identifier, and manuscript citation context rechecked; full-text reading not asserted",verified-metadata,2026-09-17,no discrepancy retained in this audit
perry2023,inproceedings,Do Users Write More Insecure Code with AI Assistants?,2023,10.1145/3576915.3623157,https://doi.org/10.1145/3576915.3623157,"title, author list, year, venue/pages where applicable, identifier, and manuscript citation context rechecked; full-text reading not asserted",verified-metadata,2026-09-17,no discrepancy retained in this audit
sandoval2023,inproceedings,Lost at C: A User Study on the Security Implications of Large Language Model Code Assistants,2023,https://www.usenix.org/conference/usenixsecurity23/presentation/sandoval,https://www.usenix.org/conference/usenixsecurity23/presentation/sandoval,"title, author list, year, venue/pages where applicable, identifier, and manuscript citation context rechecked; full-text reading not asserted",verified-metadata,2026-09-17,author order corrected against USENIX record; official open page retained
dakhel2023,article,GitHub Copilot AI Pair Programmer: Asset or Liability?,2023,10.1016/j.jss.2023.111734,https://doi.org/10.1016/j.jss.2023.111734,"title, author list, year, venue/pages where applicable, identifier, and manuscript citation context rechecked; full-text reading not asserted",verified-metadata,2026-09-17,no discrepancy retained in this audit
yetistiren2022,inproceedings,Assessing the Quality of GitHub Copilot's Code Generation,2022,10.1145/3558489.3559072,https://doi.org/10.1145/3558489.3559072,"title, author list, year, venue/pages where applicable, identifier, and manuscript citation context rechecked; full-text reading not asserted",verified-metadata,2026-09-17,replaced incorrect journal record with PROMISE 2022 proceedings record
vaithilingam2022,inproceedings,Expectation vs. Experience: Evaluating the Usability of Code Generation Tools Powered by Large Language Models,2022,10.1145/3491101.3519665,https://doi.org/10.1145/3491101.3519665,"title, author list, year, venue/pages where applicable, identifier, and manuscript citation context rechecked; full-text reading not asserted",verified-metadata,2026-09-17,no discrepancy retained in this audit
chen2021codex,article,Evaluating Large Language Models Trained on Code,2021,10.48550/arXiv.2107.03374,https://doi.org/10.48550/arXiv.2107.03374,"title, author list, year, venue/pages where applicable, identifier, and manuscript citation context rechecked; full-text reading not asserted",verified-metadata,2026-09-17,no discrepancy retained in this audit
li2022alphacode,article,Competition-Level Code Generation with AlphaCode,2022,10.1126/science.abq1158,https://doi.org/10.1126/science.abq1158,"title, author list, year, venue/pages where applicable, identifier, and manuscript citation context rechecked; full-text reading not asserted",verified-metadata,2026-09-17,no discrepancy retained in this audit
jimenez2024,inproceedings,SWE-bench: Can Language Models Resolve Real-World GitHub Issues?,2024,https://openreview.net/forum?id=VTF8yNQM66,https://openreview.net/forum?id=VTF8yNQM66,"title, author list, year, venue/pages where applicable, identifier, and manuscript citation context rechecked; full-text reading not asserted",verified-metadata,2026-09-17,official OpenReview record added
baker1995,inproceedings,On Finding Duplication and Near-Duplication in Large Software Systems,1995,10.1109/WCRE.1995.514697,https://doi.org/10.1109/WCRE.1995.514697,"title, author list, year, venue/pages where applicable, identifier, and manuscript citation context rechecked; full-text reading not asserted",verified-metadata,2026-09-17,no discrepancy retained in this audit
baxter1998,inproceedings,Clone Detection Using Abstract Syntax Trees,1998,10.1109/ICSM.1998.738528,https://doi.org/10.1109/ICSM.1998.738528,"title, author list, year, venue/pages where applicable, identifier, and manuscript citation context rechecked; full-text reading not asserted",verified-metadata,2026-09-17,expanded de Moura author identity
kamiya2002,article,CCFinder: A Multilinguistic Token-Based Code Clone Detection System for Large Scale Source Code,2002,10.1109/TSE.2002.1019480,https://doi.org/10.1109/TSE.2002.1019480,bibliographic identity rechecked; full paper used for the recorded venue/method/narrative calibration,verified-full-text-calibration,2026-09-17,no discrepancy retained in this audit
bellon2007,article,Comparison and Evaluation of Clone Detection Tools,2007,10.1109/TSE.2007.70725,https://doi.org/10.1109/TSE.2007.70725,bibliographic identity rechecked; full paper used for the recorded venue/method/narrative calibration,verified-full-text-calibration,2026-09-17,no discrepancy retained in this audit
li2006cpminer,article,CP-Miner: Finding Copy-Paste and Related Bugs in Large-Scale Software Code,2006,10.1109/TSE.2006.28,https://doi.org/10.1109/TSE.2006.28,bibliographic identity rechecked; full paper used for the recorded venue/method/narrative calibration,verified-full-text-calibration,2026-09-17,no discrepancy retained in this audit
jiang2007deckard,inproceedings,DECKARD: Scalable and Accurate Tree-Based Detection of Code Clones,2007,10.1109/ICSE.2007.30,https://doi.org/10.1109/ICSE.2007.30,bibliographic identity rechecked; full paper used for the recorded venue/method/narrative calibration,verified-full-text-calibration,2026-09-17,no discrepancy retained in this audit
roy2008nicad,inproceedings,An Empirical Study of Function Clones in Open Source Software,2008,10.1109/WCRE.2008.54,https://doi.org/10.1109/WCRE.2008.54,"title, author list, year, venue/pages where applicable, identifier, and manuscript citation context rechecked; full-text reading not asserted",verified-metadata,2026-09-17,venue and DOI corrected from ICPC/NiCad-tool paper to WCRE empirical study
roy2009comparison,article,Comparison and Evaluation of Code Clone Detection Techniques and Tools: A Qualitative Approach,2009,10.1016/j.scico.2009.02.007,https://doi.org/10.1016/j.scico.2009.02.007,"title, author list, year, venue/pages where applicable, identifier, and manuscript citation context rechecked; full-text reading not asserted",verified-metadata,2026-09-17,no discrepancy retained in this audit
juergens2009,inproceedings,Do Code Clones Matter?,2009,10.1109/ICSE.2009.5070547,https://doi.org/10.1109/ICSE.2009.5070547,"title, author list, year, venue/pages where applicable, identifier, and manuscript citation context rechecked; full-text reading not asserted",verified-metadata,2026-09-17,DOI corrected to article 5070547
rattan2013,article,Software Clone Detection: A Systematic Review,2013,10.1016/j.infsof.2013.01.008,https://doi.org/10.1016/j.infsof.2013.01.008,"title, author list, year, venue/pages where applicable, identifier, and manuscript citation context rechecked; full-text reading not asserted",verified-metadata,2026-09-17,no discrepancy retained in this audit
svajlenko2014,inproceedings,Towards a Big Data Curated Benchmark of Inter-Project Code Clones,2014,10.1109/ICSME.2014.77,https://doi.org/10.1109/ICSME.2014.77,"title, author list, year, venue/pages where applicable, identifier, and manuscript citation context rechecked; full-text reading not asserted",verified-metadata,2026-09-17,no discrepancy retained in this audit
svajlenko2015,inproceedings,Evaluating Clone Detection Tools with BigCloneBench,2015,10.1109/ICSM.2015.7332459,https://doi.org/10.1109/ICSM.2015.7332459,bibliographic identity rechecked; full paper used for the recorded venue/method/narrative calibration,verified-full-text-calibration,2026-09-17,no discrepancy retained in this audit
sajnani2016,inproceedings,SourcererCC: Scaling Code Clone Detection to Big-Code,2016,10.1145/2884781.2884877,https://doi.org/10.1145/2884781.2884877,bibliographic identity rechecked; full paper used for the recorded venue/method/narrative calibration,verified-full-text-calibration,2026-09-17,no discrepancy retained in this audit
lopes2017,article,DejaVu: A Map of Code Duplicates on GitHub,2017,10.1145/3133908,https://doi.org/10.1145/3133908,"title, author list, year, venue/pages where applicable, identifier, and manuscript citation context rechecked; full-text reading not asserted",verified-metadata,2026-09-17,no discrepancy retained in this audit
white2016,inproceedings,Deep Learning Code Fragments for Code Clone Detection,2016,10.1145/2970276.2970326,https://doi.org/10.1145/2970276.2970326,"title, author list, year, venue/pages where applicable, identifier, and manuscript citation context rechecked; full-text reading not asserted",verified-metadata,2026-09-17,no discrepancy retained in this audit
li2018ccaligner,inproceedings,CCAligner: A Token Based Large-Gap Clone Detector,2018,10.1145/3180155.3180179,https://doi.org/10.1145/3180155.3180179,"title, author list, year, venue/pages where applicable, identifier, and manuscript citation context rechecked; full-text reading not asserted",verified-metadata,2026-09-17,"author list corrected to Wang, Svajlenko, Wu, Xu, and Roy"
saini2018oreo,inproceedings,Oreo: Detection of Clones in the Twilight Zone,2018,10.1145/3236024.3236026,https://doi.org/10.1145/3236024.3236026,"title, author list, year, venue/pages where applicable, identifier, and manuscript citation context rechecked; full-text reading not asserted",verified-metadata,2026-09-17,no discrepancy retained in this audit
wang2020faast,inproceedings,Detecting Code Clones with Graph Neural Network and Flow-Augmented Abstract Syntax Tree,2020,10.1109/SANER48275.2020.9054857,https://doi.org/10.1109/SANER48275.2020.9054857,"title, author list, year, venue/pages where applicable, identifier, and manuscript citation context rechecked; full-text reading not asserted",verified-metadata,2026-09-17,no discrepancy retained in this audit
alhazami2023,article,Graph-of-Code: Semantic Clone Detection Using Graph Fingerprints,2023,10.1109/TSE.2023.3276780,https://doi.org/10.1109/TSE.2023.3276780,bibliographic identity rechecked; full paper used for the recorded venue/method/narrative calibration,verified-full-text-calibration,2026-09-17,no discrepancy retained in this audit
ragkhitwetsagul2021,article,Toxic Code Snippets on Stack Overflow,2021,10.1109/TSE.2019.2900307,https://doi.org/10.1109/TSE.2019.2900307,bibliographic identity rechecked; full paper used for the recorded venue/method/narrative calibration,verified-full-text-calibration,2026-09-17,no discrepancy retained in this audit
tian2015,article,Software Plagiarism Detection with Birthmarks Based on Dynamic Key Instruction Sequences,2015,10.1109/TSE.2015.2454508,https://doi.org/10.1109/TSE.2015.2454508,bibliographic identity rechecked; full paper used for the recorded venue/method/narrative calibration,verified-full-text-calibration,2026-09-17,no discrepancy retained in this audit
zhang2023cpvd,article,CPVD: Cross Project Vulnerability Detection Based on Graph Attention Network and Domain Adaptation,2023,10.1109/TSE.2023.3285910,https://doi.org/10.1109/TSE.2023.3285910,bibliographic identity rechecked; full paper used for the recorded venue/method/narrative calibration,verified-full-text-calibration,2026-09-17,no discrepancy retained in this audit
fluri2007,article,Change Distilling: Tree Differencing for Fine-Grained Source Code Change Extraction,2007,10.1109/TSE.2007.70731,https://doi.org/10.1109/TSE.2007.70731,bibliographic identity rechecked; full paper used for the recorded venue/method/narrative calibration,verified-full-text-calibration,2026-09-17,no discrepancy retained in this audit
sharma2021,article,Finding Substitutable Binary Code by Synthesizing Adapters,2021,10.1109/TSE.2019.2931000,https://doi.org/10.1109/TSE.2019.2931000,bibliographic identity rechecked; full paper used for the recorded venue/method/narrative calibration,verified-full-text-calibration,2026-09-17,no discrepancy retained in this audit
krinke2001,inproceedings,Identifying Similar Code with Program Dependence Graphs,2001,10.1109/WCRE.2001.957835,https://doi.org/10.1109/WCRE.2001.957835,"title, author list, year, venue/pages where applicable, identifier, and manuscript citation context rechecked; full-text reading not asserted",verified-metadata,2026-09-17,no discrepancy retained in this audit
cartier1969,book,Problemes combinatoires de commutation et rearrangements,1969,10.1007/BFb0079468,https://doi.org/10.1007/BFb0079468,"title, author list, year, venue/pages where applicable, identifier, and manuscript citation context rechecked; full-text reading not asserted",verified-metadata,2026-09-17,no discrepancy retained in this audit
mazurkiewicz1986,incollection,Trace Theory,1987,10.1007/3-540-17906-2_30,https://doi.org/10.1007/3-540-17906-2_30,bibliographic identity rechecked; full paper used for the recorded venue/method/narrative calibration,verified-full-text-calibration,2026-09-17,no discrepancy retained in this audit
diekert1990,book,Combinatorics on Traces,1990,10.1007/3-540-53031-2,https://doi.org/10.1007/3-540-53031-2,"title, author list, year, venue/pages where applicable, identifier, and manuscript citation context rechecked; full-text reading not asserted",verified-metadata,2026-09-17,no discrepancy retained in this audit
diekert1995,book,The Book of Traces,1995,10.1142/2563,https://doi.org/10.1142/2563,"title, author list, year, venue/pages where applicable, identifier, and manuscript citation context rechecked; full-text reading not asserted",verified-metadata,2026-09-17,no discrepancy retained in this audit
newman1942,article,On Theories with a Combinatorial Definition of ``Equivalence'',1942,10.2307/1968867,https://doi.org/10.2307/1968867,bibliographic identity rechecked; full paper used for the recorded venue/method/narrative calibration,verified-full-text-calibration,2026-09-17,no discrepancy retained in this audit
knuth1970,incollection,Simple Word Problems in Universal Algebras,1970,10.1016/B978-0-08-012975-4.50028-X,https://doi.org/10.1016/B978-0-08-012975-4.50028-X,bibliographic identity rechecked; full paper used for the recorded venue/method/narrative calibration,verified-full-text-calibration,2026-09-17,no discrepancy retained in this audit
huet1980,article,Confluent Reductions: Abstract Properties and Applications to Term Rewriting Systems,1980,10.1145/322217.322230,https://doi.org/10.1145/322217.322230,"title, author list, year, venue/pages where applicable, identifier, and manuscript citation context rechecked; full-text reading not asserted",verified-metadata,2026-09-17,no discrepancy retained in this audit
baader1998,book,Term Rewriting and All That,1998,10.1017/CBO9781139172752,https://doi.org/10.1017/CBO9781139172752,"title, author list, year, venue/pages where applicable, identifier, and manuscript citation context rechecked; full-text reading not asserted",verified-metadata,2026-09-17,no discrepancy retained in this audit
terese2003,book,Term Rewriting Systems,2003,10.1017/CBO9780511541792,https://doi.org/10.1017/CBO9780511541792,"title, author list, year, venue/pages where applicable, identifier, and manuscript citation context rechecked; full-text reading not asserted",verified-metadata,2026-09-17,no discrepancy retained in this audit
mckay2014,article,"Practical Graph Isomorphism, II",2014,10.1016/j.jsc.2013.09.003,https://doi.org/10.1016/j.jsc.2013.09.003,"title, author list, year, venue/pages where applicable, identifier, and manuscript citation context rechecked; full-text reading not asserted",verified-metadata,2026-09-17,no discrepancy retained in this audit
babai2016,inproceedings,Graph Isomorphism in Quasipolynomial Time,2016,10.1145/2897518.2897542,https://doi.org/10.1145/2897518.2897542,bibliographic identity rechecked; full paper used for the recorded venue/method/narrative calibration,verified-full-text-calibration,2026-09-17,no discrepancy retained in this audit
junttila2007,inproceedings,Engineering an Efficient Canonical Labeling Tool for Large and Sparse Graphs,2007,10.1137/1.9781611972870.13,https://doi.org/10.1137/1.9781611972870.13,"title, author list, year, venue/pages where applicable, identifier, and manuscript citation context rechecked; full-text reading not asserted",verified-metadata,2026-09-17,no discrepancy retained in this audit
mcconnell2011,article,Certifying Algorithms,2011,10.1016/j.cosrev.2010.09.009,https://doi.org/10.1016/j.cosrev.2010.09.009,"title, author list, year, venue/pages where applicable, identifier, and manuscript citation context rechecked; full-text reading not asserted",verified-metadata,2026-09-17,no discrepancy retained in this audit
necula1997,inproceedings,Proof-Carrying Code,1997,10.1145/263699.263712,https://doi.org/10.1145/263699.263712,bibliographic identity rechecked; full paper used for the recorded venue/method/narrative calibration,verified-full-text-calibration,2026-09-17,no discrepancy retained in this audit
pnueli1998,inproceedings,Translation Validation,1998,10.1007/BFb0054170,https://doi.org/10.1007/BFb0054170,"title, author list, year, venue/pages where applicable, identifier, and manuscript citation context rechecked; full-text reading not asserted",verified-metadata,2026-09-17,no discrepancy retained in this audit
leroy2009,article,Formal Verification of a Realistic Compiler,2009,10.1145/1538788.1538814,https://doi.org/10.1145/1538788.1538814,"title, author list, year, venue/pages where applicable, identifier, and manuscript citation context rechecked; full-text reading not asserted",verified-metadata,2026-09-17,no discrepancy retained in this audit
lopes2021alive2,inproceedings,Alive2: Bounded Translation Validation for LLVM,2021,10.1145/3453483.3454030,https://doi.org/10.1145/3453483.3454030,bibliographic identity rechecked; full paper used for the recorded venue/method/narrative calibration,verified-full-text-calibration,2026-09-17,no discrepancy retained in this audit
chawathe1996,inproceedings,Change Detection in Hierarchically Structured Information,1996,10.1145/233269.233366,https://doi.org/10.1145/233269.233366,"title, author list, year, venue/pages where applicable, identifier, and manuscript citation context rechecked; full-text reading not asserted",verified-metadata,2026-09-17,no discrepancy retained in this audit
whatwghtml,misc,HTML Living Standard,2026,https://html.spec.whatwg.org/,https://html.spec.whatwg.org/,"official standard title, status/version or living-standard locator, and citation role rechecked",verified-current-standard,2026-09-17,no discrepancy retained in this audit
whatwgdom,misc,DOM Standard,2026,https://dom.spec.whatwg.org/,https://dom.spec.whatwg.org/,"official standard title, status/version or living-standard locator, and citation role rechecked",verified-current-standard,2026-09-17,no discrepancy retained in this audit
w3ccsssyntax,misc,CSS Syntax Module Level 3,2021,https://www.w3.org/TR/css-syntax-3/,https://www.w3.org/TR/css-syntax-3/,"official standard title, status/version or living-standard locator, and citation role rechecked",verified-current-standard,2026-09-17,document status corrected to Candidate Recommendation Draft
w3cselectors,misc,Selectors Level 4,2026,https://www.w3.org/TR/selectors-4/,https://www.w3.org/TR/selectors-4/,"official standard title, status/version or living-standard locator, and citation role rechecked",verified-current-standard,2026-09-17,updated to Working Draft dated 22 Jan. 2026
w3ccascade,misc,CSS Cascading and Inheritance Level 5,2022,https://www.w3.org/TR/css-cascade-5/,https://www.w3.org/TR/css-cascade-5/,"official standard title, status/version or living-standard locator, and citation role rechecked",verified-current-standard,2026-09-17,"document status/date corrected to Candidate Recommendation Snapshot, 13 Jan. 2022"
rfc3986,misc,Uniform Resource Identifier (URI): Generic Syntax,2005,10.17487/RFC3986,https://doi.org/10.17487/RFC3986,"official standard title, status/version or living-standard locator, and citation role rechecked",verified-current-standard,2026-09-17,no discrepancy retained in this audit
rfc8259,misc,The JavaScript Object Notation (JSON) Data Interchange Format,2017,10.17487/RFC8259,https://doi.org/10.17487/RFC8259,"official standard title, status/version or living-standard locator, and citation role rechecked",verified-current-standard,2026-09-17,no discrepancy retained in this audit
unicode18,misc,Unicode Normalization Forms,2026,https://www.unicode.org/reports/tr15/,https://www.unicode.org/reports/tr15/,"official standard title, status/version or living-standard locator, and citation role rechecked",verified-current-standard,2026-09-17,"updated to UAX #15 rev. 58 for Unicode 18.0.0, dated 12 Aug. 2026"
mesbah2009,inproceedings,Invariant-Based Automatic Testing of AJAX User Interfaces,2009,10.1109/ICSE.2009.5070522,https://doi.org/10.1109/ICSE.2009.5070522,"title, author list, year, venue/pages where applicable, identifier, and manuscript citation context rechecked; full-text reading not asserted",verified-metadata,2026-09-17,no discrepancy retained in this audit
choudhary2010,inproceedings,WEBDIFF: Automated Identification of Cross-Browser Issues in Web Applications,2010,10.1109/ICSM.2010.5609723,https://doi.org/10.1109/ICSM.2010.5609723,"title, author list, year, venue/pages where applicable, identifier, and manuscript citation context rechecked; full-text reading not asserted",verified-metadata,2026-09-17,authors and page range corrected against the proceedings record
choudhary2013,inproceedings,X-PERT: Accurate Identification of Cross-Browser Issues in Web Applications,2013,10.1109/ICSE.2013.6606616,https://doi.org/10.1109/ICSE.2013.6606616,bibliographic identity rechecked; full paper used for the recorded venue/method/narrative calibration,verified-full-text-calibration,2026-09-17,DOI corrected to article 6606616
wohlin2012,book,Experimentation in Software Engineering,2012,10.1007/978-3-642-29044-2,https://doi.org/10.1007/978-3-642-29044-2,"title, author list, year, venue/pages where applicable, identifier, and manuscript citation context rechecked; full-text reading not asserted",verified-metadata,2026-09-17,no discrepancy retained in this audit
kitchenham2007,techreport,Guidelines for Performing Systematic Literature Reviews in Software Engineering,2007,https://www.elsevier.com/__data/promis_misc/525444systematicreviewsguide.pdf,https://www.elsevier.com/__data/promis_misc/525444systematicreviewsguide.pdf,"title, author list, year, venue/pages where applicable, identifier, and manuscript citation context rechecked; full-text reading not asserted",verified-metadata,2026-09-17,stable archived report URL added
barr2015,article,The Oracle Problem in Software Testing: A Survey,2015,10.1109/TSE.2014.2372785,https://doi.org/10.1109/TSE.2014.2372785,bibliographic identity rechecked; full paper used for the recorded venue/method/narrative calibration,verified-full-text-calibration,2026-09-17,no discrepancy retained in this audit
mongiovi2018,article,Detecting Overly Strong Preconditions in Refactoring Engines,2018,10.1109/TSE.2017.2693982,https://doi.org/10.1109/TSE.2017.2693982,bibliographic identity rechecked; full paper used for the recorded venue/method/narrative calibration,verified-full-text-calibration,2026-09-17,author-name accent encoding corrected
afrose2023,article,Evaluation of Static Vulnerability Detection Tools with Java Cryptographic API Benchmarks,2023,10.1109/TSE.2022.3154717,https://doi.org/10.1109/TSE.2022.3154717,bibliographic identity rechecked; full paper used for the recorded venue/method/narrative calibration,verified-full-text-calibration,2026-09-17,no discrepancy retained in this audit
ray2014,inproceedings,A Large Scale Study of Programming Languages and Code Quality in GitHub,2014,10.1145/2635868.2635922,https://doi.org/10.1145/2635868.2635922,"title, author list, year, venue/pages where applicable, identifier, and manuscript citation context rechecked; full-text reading not asserted",verified-metadata,2026-09-17,no discrepancy retained in this audit
w3ccssalign,standard,CSS Box Alignment Module Level 3,2026,https://www.w3.org/TR/2026/WD-css-align-3-20260130/,https://www.w3.org/TR/2026/WD-css-align-3-20260130/#gap-shorthand,Section 8.2 and draft metadata read in this repair: gap sets row-gap and column-gap,verified-standard-passage,2026-09-26,"Normative technical boundary only; working draft, not a browser-equivalence claim"
