fixture,variant,expected_kind,expected_decision,producer_decision,checker_accepted,certificate_bytes,byte_inventory,lexical,syntax_no_alpha,local_alpha
fixture-00,all-orderings,legal,equivalent,equivalent,True,586,False,False,True,True
fixture-00,attribute-order,legal,equivalent,equivalent,True,586,False,False,True,True
fixture-00,broken-reference,rejected,out-of-language,out-of-language,True,164,False,False,False,False
fixture-00,changed-asset,different,different,different,True,491,False,False,False,False
fixture-00,changed-css-value,different,different,different,True,297,False,False,False,False
fixture-00,changed-selector,different,different,different,True,295,False,False,False,False
fixture-00,changed-text,different,different,different,True,335,False,False,False,False
fixture-00,class-alpha,legal,equivalent,equivalent,True,585,False,False,False,True
fixture-00,class-token-order,legal,equivalent,equivalent,True,586,False,False,True,True
fixture-00,combined-all,legal,equivalent,equivalent,True,600,False,False,False,True
fixture-00,declaration-order,legal,equivalent,equivalent,True,586,False,False,True,True
fixture-00,duplicate-id,rejected,out-of-language,out-of-language,True,153,False,False,False,False
fixture-00,forbidden-form,rejected,out-of-language,out-of-language,True,147,False,False,False,False
fixture-00,format-and-comments,legal,equivalent,equivalent,True,586,False,False,True,True
fixture-00,id-alpha,legal,equivalent,equivalent,True,585,False,False,False,True
fixture-00,ordered-sibling-swap,different,different,different,True,277,False,False,False,False
fixture-00,path-move,legal,equivalent,equivalent,True,602,False,False,False,True
fixture-00,path-rename,legal,equivalent,equivalent,True,581,False,False,False,True
fixture-00,paths-and-names,legal,equivalent,equivalent,True,572,False,False,False,True
fixture-00,selector-list-order,legal,equivalent,equivalent,True,586,False,False,True,True
fixture-01,all-orderings,legal,equivalent,equivalent,True,586,False,False,True,True
fixture-01,attribute-order,legal,equivalent,equivalent,True,586,False,False,True,True
fixture-01,broken-reference,rejected,out-of-language,out-of-language,True,164,False,False,False,False
fixture-01,changed-asset,different,different,different,True,491,False,False,False,False
fixture-01,changed-css-value,different,different,different,True,297,False,False,False,False
fixture-01,changed-selector,different,different,different,True,295,False,False,False,False
fixture-01,changed-text,different,different,different,True,315,False,False,False,False
fixture-01,class-alpha,legal,equivalent,equivalent,True,585,False,False,False,True
fixture-01,class-token-order,legal,equivalent,equivalent,True,586,False,False,True,True
fixture-01,combined-all,legal,equivalent,equivalent,True,600,False,False,False,True
fixture-01,declaration-order,legal,equivalent,equivalent,True,586,False,False,True,True
fixture-01,duplicate-id,rejected,out-of-language,out-of-language,True,153,False,False,False,False
fixture-01,forbidden-form,rejected,out-of-language,out-of-language,True,147,False,False,False,False
fixture-01,format-and-comments,legal,equivalent,equivalent,True,586,False,False,True,True
fixture-01,id-alpha,legal,equivalent,equivalent,True,585,False,False,False,True
fixture-01,ordered-sibling-swap,different,different,different,True,277,False,False,False,False
fixture-01,path-move,legal,equivalent,equivalent,True,602,False,False,False,True
fixture-01,path-rename,legal,equivalent,equivalent,True,581,False,False,False,True
fixture-01,paths-and-names,legal,equivalent,equivalent,True,572,False,False,False,True
fixture-01,selector-list-order,legal,equivalent,equivalent,True,586,False,False,True,True
fixture-02,all-orderings,legal,equivalent,equivalent,True,586,False,False,True,True
fixture-02,attribute-order,legal,equivalent,equivalent,True,586,False,False,True,True
fixture-02,broken-reference,rejected,out-of-language,out-of-language,True,164,False,False,False,False
fixture-02,changed-asset,different,different,different,True,491,False,False,False,False
fixture-02,changed-css-value,different,different,different,True,297,False,False,False,False
fixture-02,changed-selector,different,different,different,True,295,False,False,False,False
fixture-02,changed-text,different,different,different,True,327,False,False,False,False
fixture-02,class-alpha,legal,equivalent,equivalent,True,585,False,False,False,True
fixture-02,class-token-order,legal,equivalent,equivalent,True,586,False,False,True,True
fixture-02,combined-all,legal,equivalent,equivalent,True,600,False,False,False,True
fixture-02,declaration-order,legal,equivalent,equivalent,True,586,False,False,True,True
fixture-02,duplicate-id,rejected,out-of-language,out-of-language,True,153,False,False,False,False
fixture-02,forbidden-form,rejected,out-of-language,out-of-language,True,147,False,False,False,False
fixture-02,format-and-comments,legal,equivalent,equivalent,True,586,False,False,True,True
fixture-02,id-alpha,legal,equivalent,equivalent,True,585,False,False,False,True
fixture-02,ordered-sibling-swap,different,different,different,True,277,False,False,False,False
fixture-02,path-move,legal,equivalent,equivalent,True,602,False,False,False,True
fixture-02,path-rename,legal,equivalent,equivalent,True,581,False,False,False,True
fixture-02,paths-and-names,legal,equivalent,equivalent,True,572,False,False,False,True
fixture-02,selector-list-order,legal,equivalent,equivalent,True,586,False,False,True,True
fixture-03,all-orderings,legal,equivalent,equivalent,True,586,False,False,True,True
fixture-03,attribute-order,legal,equivalent,equivalent,True,586,False,False,True,True
fixture-03,broken-reference,rejected,out-of-language,out-of-language,True,164,False,False,False,False
fixture-03,changed-asset,different,different,different,True,491,False,False,False,False
fixture-03,changed-css-value,different,different,different,True,297,False,False,False,False
fixture-03,changed-selector,different,different,different,True,295,False,False,False,False
fixture-03,changed-text,different,different,different,True,337,False,False,False,False
fixture-03,class-alpha,legal,equivalent,equivalent,True,585,False,False,False,True
fixture-03,class-token-order,legal,equivalent,equivalent,True,586,False,False,True,True
fixture-03,combined-all,legal,equivalent,equivalent,True,600,False,False,False,True
fixture-03,declaration-order,legal,equivalent,equivalent,True,586,False,False,True,True
fixture-03,duplicate-id,rejected,out-of-language,out-of-language,True,153,False,False,False,False
fixture-03,forbidden-form,rejected,out-of-language,out-of-language,True,147,False,False,False,False
fixture-03,format-and-comments,legal,equivalent,equivalent,True,586,False,False,True,True
fixture-03,id-alpha,legal,equivalent,equivalent,True,585,False,False,False,True
fixture-03,ordered-sibling-swap,different,different,different,True,277,False,False,False,False
fixture-03,path-move,legal,equivalent,equivalent,True,602,False,False,False,True
fixture-03,path-rename,legal,equivalent,equivalent,True,581,False,False,False,True
fixture-03,paths-and-names,legal,equivalent,equivalent,True,572,False,False,False,True
fixture-03,selector-list-order,legal,equivalent,equivalent,True,586,False,False,True,True
fixture-04,all-orderings,legal,equivalent,equivalent,True,586,False,False,True,True
fixture-04,attribute-order,legal,equivalent,equivalent,True,586,False,False,True,True
fixture-04,broken-reference,rejected,out-of-language,out-of-language,True,164,False,False,False,False
fixture-04,changed-asset,different,different,different,True,491,False,False,False,False
fixture-04,changed-css-value,different,different,different,True,297,False,False,False,False
fixture-04,changed-selector,different,different,different,True,295,False,False,False,False
fixture-04,changed-text,different,different,different,True,327,False,False,False,False
fixture-04,class-alpha,legal,equivalent,equivalent,True,585,False,False,False,True
fixture-04,class-token-order,legal,equivalent,equivalent,True,586,False,False,True,True
fixture-04,combined-all,legal,equivalent,equivalent,True,600,False,False,False,True
fixture-04,declaration-order,legal,equivalent,equivalent,True,586,False,False,True,True
fixture-04,duplicate-id,rejected,out-of-language,out-of-language,True,153,False,False,False,False
fixture-04,forbidden-form,rejected,out-of-language,out-of-language,True,147,False,False,False,False
fixture-04,format-and-comments,legal,equivalent,equivalent,True,586,False,False,True,True
fixture-04,id-alpha,legal,equivalent,equivalent,True,585,False,False,False,True
fixture-04,ordered-sibling-swap,different,different,different,True,277,False,False,False,False
fixture-04,path-move,legal,equivalent,equivalent,True,602,False,False,False,True
fixture-04,path-rename,legal,equivalent,equivalent,True,581,False,False,False,True
fixture-04,paths-and-names,legal,equivalent,equivalent,True,572,False,False,False,True
fixture-04,selector-list-order,legal,equivalent,equivalent,True,586,False,False,True,True
fixture-05,all-orderings,legal,equivalent,equivalent,True,586,False,False,True,True
fixture-05,attribute-order,legal,equivalent,equivalent,True,586,False,False,True,True
fixture-05,broken-reference,rejected,out-of-language,out-of-language,True,164,False,False,False,False
fixture-05,changed-asset,different,different,different,True,491,False,False,False,False
fixture-05,changed-css-value,different,different,different,True,297,False,False,False,False
fixture-05,changed-selector,different,different,different,True,295,False,False,False,False
fixture-05,changed-text,different,different,different,True,323,False,False,False,False
fixture-05,class-alpha,legal,equivalent,equivalent,True,585,False,False,False,True
fixture-05,class-token-order,legal,equivalent,equivalent,True,586,False,False,True,True
fixture-05,combined-all,legal,equivalent,equivalent,True,600,False,False,False,True
fixture-05,declaration-order,legal,equivalent,equivalent,True,586,False,False,True,True
fixture-05,duplicate-id,rejected,out-of-language,out-of-language,True,153,False,False,False,False
fixture-05,forbidden-form,rejected,out-of-language,out-of-language,True,147,False,False,False,False
fixture-05,format-and-comments,legal,equivalent,equivalent,True,586,False,False,True,True
fixture-05,id-alpha,legal,equivalent,equivalent,True,585,False,False,False,True
fixture-05,ordered-sibling-swap,different,different,different,True,277,False,False,False,False
fixture-05,path-move,legal,equivalent,equivalent,True,602,False,False,False,True
fixture-05,path-rename,legal,equivalent,equivalent,True,581,False,False,False,True
fixture-05,paths-and-names,legal,equivalent,equivalent,True,572,False,False,False,True
fixture-05,selector-list-order,legal,equivalent,equivalent,True,586,False,False,True,True
fixture-06,all-orderings,legal,equivalent,equivalent,True,586,False,False,True,True
fixture-06,attribute-order,legal,equivalent,equivalent,True,586,False,False,True,True
fixture-06,broken-reference,rejected,out-of-language,out-of-language,True,164,False,False,False,False
fixture-06,changed-asset,different,different,different,True,491,False,False,False,False
fixture-06,changed-css-value,different,different,different,True,297,False,False,False,False
fixture-06,changed-selector,different,different,different,True,295,False,False,False,False
fixture-06,changed-text,different,different,different,True,335,False,False,False,False
fixture-06,class-alpha,legal,equivalent,equivalent,True,585,False,False,False,True
fixture-06,class-token-order,legal,equivalent,equivalent,True,586,False,False,True,True
fixture-06,combined-all,legal,equivalent,equivalent,True,600,False,False,False,True
fixture-06,declaration-order,legal,equivalent,equivalent,True,586,False,False,True,True
fixture-06,duplicate-id,rejected,out-of-language,out-of-language,True,153,False,False,False,False
fixture-06,forbidden-form,rejected,out-of-language,out-of-language,True,147,False,False,False,False
fixture-06,format-and-comments,legal,equivalent,equivalent,True,586,False,False,True,True
fixture-06,id-alpha,legal,equivalent,equivalent,True,585,False,False,False,True
fixture-06,ordered-sibling-swap,different,different,different,True,277,False,False,False,False
fixture-06,path-move,legal,equivalent,equivalent,True,602,False,False,False,True
fixture-06,path-rename,legal,equivalent,equivalent,True,581,False,False,False,True
fixture-06,paths-and-names,legal,equivalent,equivalent,True,572,False,False,False,True
fixture-06,selector-list-order,legal,equivalent,equivalent,True,586,False,False,True,True
fixture-07,all-orderings,legal,equivalent,equivalent,True,586,False,False,True,True
fixture-07,attribute-order,legal,equivalent,equivalent,True,586,False,False,True,True
fixture-07,broken-reference,rejected,out-of-language,out-of-language,True,164,False,False,False,False
fixture-07,changed-asset,different,different,different,True,491,False,False,False,False
fixture-07,changed-css-value,different,different,different,True,297,False,False,False,False
fixture-07,changed-selector,different,different,different,True,295,False,False,False,False
fixture-07,changed-text,different,different,different,True,315,False,False,False,False
fixture-07,class-alpha,legal,equivalent,equivalent,True,585,False,False,False,True
fixture-07,class-token-order,legal,equivalent,equivalent,True,586,False,False,True,True
fixture-07,combined-all,legal,equivalent,equivalent,True,600,False,False,False,True
fixture-07,declaration-order,legal,equivalent,equivalent,True,586,False,False,True,True
fixture-07,duplicate-id,rejected,out-of-language,out-of-language,True,153,False,False,False,False
fixture-07,forbidden-form,rejected,out-of-language,out-of-language,True,147,False,False,False,False
fixture-07,format-and-comments,legal,equivalent,equivalent,True,586,False,False,True,True
fixture-07,id-alpha,legal,equivalent,equivalent,True,585,False,False,False,True
fixture-07,ordered-sibling-swap,different,different,different,True,277,False,False,False,False
fixture-07,path-move,legal,equivalent,equivalent,True,602,False,False,False,True
fixture-07,path-rename,legal,equivalent,equivalent,True,581,False,False,False,True
fixture-07,paths-and-names,legal,equivalent,equivalent,True,572,False,False,False,True
fixture-07,selector-list-order,legal,equivalent,equivalent,True,586,False,False,True,True
fixture-08,all-orderings,legal,equivalent,equivalent,True,586,False,False,True,True
fixture-08,attribute-order,legal,equivalent,equivalent,True,586,False,False,True,True
fixture-08,broken-reference,rejected,out-of-language,out-of-language,True,164,False,False,False,False
fixture-08,changed-asset,different,different,different,True,491,False,False,False,False
fixture-08,changed-css-value,different,different,different,True,297,False,False,False,False
fixture-08,changed-selector,different,different,different,True,295,False,False,False,False
fixture-08,changed-text,different,different,different,True,327,False,False,False,False
fixture-08,class-alpha,legal,equivalent,equivalent,True,585,False,False,False,True
fixture-08,class-token-order,legal,equivalent,equivalent,True,586,False,False,True,True
fixture-08,combined-all,legal,equivalent,equivalent,True,600,False,False,False,True
fixture-08,declaration-order,legal,equivalent,equivalent,True,586,False,False,True,True
fixture-08,duplicate-id,rejected,out-of-language,out-of-language,True,153,False,False,False,False
fixture-08,forbidden-form,rejected,out-of-language,out-of-language,True,147,False,False,False,False
fixture-08,format-and-comments,legal,equivalent,equivalent,True,586,False,False,True,True
fixture-08,id-alpha,legal,equivalent,equivalent,True,585,False,False,False,True
fixture-08,ordered-sibling-swap,different,different,different,True,277,False,False,False,False
fixture-08,path-move,legal,equivalent,equivalent,True,602,False,False,False,True
fixture-08,path-rename,legal,equivalent,equivalent,True,581,False,False,False,True
fixture-08,paths-and-names,legal,equivalent,equivalent,True,572,False,False,False,True
fixture-08,selector-list-order,legal,equivalent,equivalent,True,586,False,False,True,True
fixture-09,all-orderings,legal,equivalent,equivalent,True,586,False,False,True,True
fixture-09,attribute-order,legal,equivalent,equivalent,True,586,False,False,True,True
fixture-09,broken-reference,rejected,out-of-language,out-of-language,True,164,False,False,False,False
fixture-09,changed-asset,different,different,different,True,491,False,False,False,False
fixture-09,changed-css-value,different,different,different,True,297,False,False,False,False
fixture-09,changed-selector,different,different,different,True,295,False,False,False,False
fixture-09,changed-text,different,different,different,True,337,False,False,False,False
fixture-09,class-alpha,legal,equivalent,equivalent,True,585,False,False,False,True
fixture-09,class-token-order,legal,equivalent,equivalent,True,586,False,False,True,True
fixture-09,combined-all,legal,equivalent,equivalent,True,600,False,False,False,True
fixture-09,declaration-order,legal,equivalent,equivalent,True,586,False,False,True,True
fixture-09,duplicate-id,rejected,out-of-language,out-of-language,True,153,False,False,False,False
fixture-09,forbidden-form,rejected,out-of-language,out-of-language,True,147,False,False,False,False
fixture-09,format-and-comments,legal,equivalent,equivalent,True,586,False,False,True,True
fixture-09,id-alpha,legal,equivalent,equivalent,True,585,False,False,False,True
fixture-09,ordered-sibling-swap,different,different,different,True,277,False,False,False,False
fixture-09,path-move,legal,equivalent,equivalent,True,602,False,False,False,True
fixture-09,path-rename,legal,equivalent,equivalent,True,581,False,False,False,True
fixture-09,paths-and-names,legal,equivalent,equivalent,True,572,False,False,False,True
fixture-09,selector-list-order,legal,equivalent,equivalent,True,586,False,False,True,True
fixture-10,all-orderings,legal,equivalent,equivalent,True,586,False,False,True,True
fixture-10,attribute-order,legal,equivalent,equivalent,True,586,False,False,True,True
fixture-10,broken-reference,rejected,out-of-language,out-of-language,True,164,False,False,False,False
fixture-10,changed-asset,different,different,different,True,491,False,False,False,False
fixture-10,changed-css-value,different,different,different,True,297,False,False,False,False
fixture-10,changed-selector,different,different,different,True,295,False,False,False,False
fixture-10,changed-text,different,different,different,True,327,False,False,False,False
fixture-10,class-alpha,legal,equivalent,equivalent,True,594,False,False,False,True
fixture-10,class-token-order,legal,equivalent,equivalent,True,586,False,False,True,True
fixture-10,combined-all,legal,equivalent,equivalent,True,612,False,False,False,True
fixture-10,declaration-order,legal,equivalent,equivalent,True,586,False,False,True,True
fixture-10,duplicate-id,rejected,out-of-language,out-of-language,True,153,False,False,False,False
fixture-10,forbidden-form,rejected,out-of-language,out-of-language,True,147,False,False,False,False
fixture-10,format-and-comments,legal,equivalent,equivalent,True,586,False,False,True,True
fixture-10,id-alpha,legal,equivalent,equivalent,True,588,False,False,False,True
fixture-10,ordered-sibling-swap,different,different,different,True,277,False,False,False,False
fixture-10,path-move,legal,equivalent,equivalent,True,602,False,False,False,True
fixture-10,path-rename,legal,equivalent,equivalent,True,581,False,False,False,True
fixture-10,paths-and-names,legal,equivalent,equivalent,True,584,False,False,False,True
fixture-10,selector-list-order,legal,equivalent,equivalent,True,586,False,False,True,True
fixture-11,all-orderings,legal,equivalent,equivalent,True,586,False,False,True,True
fixture-11,attribute-order,legal,equivalent,equivalent,True,586,False,False,True,True
fixture-11,broken-reference,rejected,out-of-language,out-of-language,True,164,False,False,False,False
fixture-11,changed-asset,different,different,different,True,491,False,False,False,False
fixture-11,changed-css-value,different,different,different,True,297,False,False,False,False
fixture-11,changed-selector,different,different,different,True,295,False,False,False,False
fixture-11,changed-text,different,different,different,True,323,False,False,False,False
fixture-11,class-alpha,legal,equivalent,equivalent,True,594,False,False,False,True
fixture-11,class-token-order,legal,equivalent,equivalent,True,586,False,False,True,True
fixture-11,combined-all,legal,equivalent,equivalent,True,612,False,False,False,True
fixture-11,declaration-order,legal,equivalent,equivalent,True,586,False,False,True,True
fixture-11,duplicate-id,rejected,out-of-language,out-of-language,True,153,False,False,False,False
fixture-11,forbidden-form,rejected,out-of-language,out-of-language,True,147,False,False,False,False
fixture-11,format-and-comments,legal,equivalent,equivalent,True,586,False,False,True,True
fixture-11,id-alpha,legal,equivalent,equivalent,True,588,False,False,False,True
fixture-11,ordered-sibling-swap,different,different,different,True,277,False,False,False,False
fixture-11,path-move,legal,equivalent,equivalent,True,602,False,False,False,True
fixture-11,path-rename,legal,equivalent,equivalent,True,581,False,False,False,True
fixture-11,paths-and-names,legal,equivalent,equivalent,True,584,False,False,False,True
fixture-11,selector-list-order,legal,equivalent,equivalent,True,586,False,False,True,True
fixture-12,all-orderings,legal,equivalent,equivalent,True,586,False,False,True,True
fixture-12,attribute-order,legal,equivalent,equivalent,True,586,False,False,True,True
fixture-12,broken-reference,rejected,out-of-language,out-of-language,True,164,False,False,False,False
fixture-12,changed-asset,different,different,different,True,491,False,False,False,False
fixture-12,changed-css-value,different,different,different,True,297,False,False,False,False
fixture-12,changed-selector,different,different,different,True,295,False,False,False,False
fixture-12,changed-text,different,different,different,True,335,False,False,False,False
fixture-12,class-alpha,legal,equivalent,equivalent,True,594,False,False,False,True
fixture-12,class-token-order,legal,equivalent,equivalent,True,586,False,False,True,True
fixture-12,combined-all,legal,equivalent,equivalent,True,612,False,False,False,True
fixture-12,declaration-order,legal,equivalent,equivalent,True,586,False,False,True,True
fixture-12,duplicate-id,rejected,out-of-language,out-of-language,True,153,False,False,False,False
fixture-12,forbidden-form,rejected,out-of-language,out-of-language,True,147,False,False,False,False
fixture-12,format-and-comments,legal,equivalent,equivalent,True,586,False,False,True,True
fixture-12,id-alpha,legal,equivalent,equivalent,True,588,False,False,False,True
fixture-12,ordered-sibling-swap,different,different,different,True,277,False,False,False,False
fixture-12,path-move,legal,equivalent,equivalent,True,602,False,False,False,True
fixture-12,path-rename,legal,equivalent,equivalent,True,581,False,False,False,True
fixture-12,paths-and-names,legal,equivalent,equivalent,True,584,False,False,False,True
fixture-12,selector-list-order,legal,equivalent,equivalent,True,586,False,False,True,True
fixture-13,all-orderings,legal,equivalent,equivalent,True,586,False,False,True,True
fixture-13,attribute-order,legal,equivalent,equivalent,True,586,False,False,True,True
fixture-13,broken-reference,rejected,out-of-language,out-of-language,True,164,False,False,False,False
fixture-13,changed-asset,different,different,different,True,491,False,False,False,False
fixture-13,changed-css-value,different,different,different,True,297,False,False,False,False
fixture-13,changed-selector,different,different,different,True,295,False,False,False,False
fixture-13,changed-text,different,different,different,True,315,False,False,False,False
fixture-13,class-alpha,legal,equivalent,equivalent,True,594,False,False,False,True
fixture-13,class-token-order,legal,equivalent,equivalent,True,586,False,False,True,True
fixture-13,combined-all,legal,equivalent,equivalent,True,612,False,False,False,True
fixture-13,declaration-order,legal,equivalent,equivalent,True,586,False,False,True,True
fixture-13,duplicate-id,rejected,out-of-language,out-of-language,True,153,False,False,False,False
fixture-13,forbidden-form,rejected,out-of-language,out-of-language,True,147,False,False,False,False
fixture-13,format-and-comments,legal,equivalent,equivalent,True,586,False,False,True,True
fixture-13,id-alpha,legal,equivalent,equivalent,True,588,False,False,False,True
fixture-13,ordered-sibling-swap,different,different,different,True,277,False,False,False,False
fixture-13,path-move,legal,equivalent,equivalent,True,602,False,False,False,True
fixture-13,path-rename,legal,equivalent,equivalent,True,581,False,False,False,True
fixture-13,paths-and-names,legal,equivalent,equivalent,True,584,False,False,False,True
fixture-13,selector-list-order,legal,equivalent,equivalent,True,586,False,False,True,True
fixture-14,all-orderings,legal,equivalent,equivalent,True,586,False,False,True,True
fixture-14,attribute-order,legal,equivalent,equivalent,True,586,False,False,True,True
fixture-14,broken-reference,rejected,out-of-language,out-of-language,True,164,False,False,False,False
fixture-14,changed-asset,different,different,different,True,491,False,False,False,False
fixture-14,changed-css-value,different,different,different,True,297,False,False,False,False
fixture-14,changed-selector,different,different,different,True,295,False,False,False,False
fixture-14,changed-text,different,different,different,True,327,False,False,False,False
fixture-14,class-alpha,legal,equivalent,equivalent,True,594,False,False,False,True
fixture-14,class-token-order,legal,equivalent,equivalent,True,586,False,False,True,True
fixture-14,combined-all,legal,equivalent,equivalent,True,612,False,False,False,True
fixture-14,declaration-order,legal,equivalent,equivalent,True,586,False,False,True,True
fixture-14,duplicate-id,rejected,out-of-language,out-of-language,True,153,False,False,False,False
fixture-14,forbidden-form,rejected,out-of-language,out-of-language,True,147,False,False,False,False
fixture-14,format-and-comments,legal,equivalent,equivalent,True,586,False,False,True,True
fixture-14,id-alpha,legal,equivalent,equivalent,True,588,False,False,False,True
fixture-14,ordered-sibling-swap,different,different,different,True,277,False,False,False,False
fixture-14,path-move,legal,equivalent,equivalent,True,602,False,False,False,True
fixture-14,path-rename,legal,equivalent,equivalent,True,581,False,False,False,True
fixture-14,paths-and-names,legal,equivalent,equivalent,True,584,False,False,False,True
fixture-14,selector-list-order,legal,equivalent,equivalent,True,586,False,False,True,True
fixture-15,all-orderings,legal,equivalent,equivalent,True,586,False,False,True,True
fixture-15,attribute-order,legal,equivalent,equivalent,True,586,False,False,True,True
fixture-15,broken-reference,rejected,out-of-language,out-of-language,True,164,False,False,False,False
fixture-15,changed-asset,different,different,different,True,491,False,False,False,False
fixture-15,changed-css-value,different,different,different,True,297,False,False,False,False
fixture-15,changed-selector,different,different,different,True,295,False,False,False,False
fixture-15,changed-text,different,different,different,True,337,False,False,False,False
fixture-15,class-alpha,legal,equivalent,equivalent,True,594,False,False,False,True
fixture-15,class-token-order,legal,equivalent,equivalent,True,586,False,False,True,True
fixture-15,combined-all,legal,equivalent,equivalent,True,612,False,False,False,True
fixture-15,declaration-order,legal,equivalent,equivalent,True,586,False,False,True,True
fixture-15,duplicate-id,rejected,out-of-language,out-of-language,True,153,False,False,False,False
fixture-15,forbidden-form,rejected,out-of-language,out-of-language,True,147,False,False,False,False
fixture-15,format-and-comments,legal,equivalent,equivalent,True,586,False,False,True,True
fixture-15,id-alpha,legal,equivalent,equivalent,True,588,False,False,False,True
fixture-15,ordered-sibling-swap,different,different,different,True,277,False,False,False,False
fixture-15,path-move,legal,equivalent,equivalent,True,602,False,False,False,True
fixture-15,path-rename,legal,equivalent,equivalent,True,581,False,False,False,True
fixture-15,paths-and-names,legal,equivalent,equivalent,True,584,False,False,False,True
fixture-15,selector-list-order,legal,equivalent,equivalent,True,586,False,False,True,True
fixture-16,all-orderings,legal,equivalent,equivalent,True,586,False,False,True,True
fixture-16,attribute-order,legal,equivalent,equivalent,True,586,False,False,True,True
fixture-16,broken-reference,rejected,out-of-language,out-of-language,True,164,False,False,False,False
fixture-16,changed-asset,different,different,different,True,491,False,False,False,False
fixture-16,changed-css-value,different,different,different,True,297,False,False,False,False
fixture-16,changed-selector,different,different,different,True,295,False,False,False,False
fixture-16,changed-text,different,different,different,True,327,False,False,False,False
fixture-16,class-alpha,legal,equivalent,equivalent,True,594,False,False,False,True
fixture-16,class-token-order,legal,equivalent,equivalent,True,586,False,False,True,True
fixture-16,combined-all,legal,equivalent,equivalent,True,612,False,False,False,True
fixture-16,declaration-order,legal,equivalent,equivalent,True,586,False,False,True,True
fixture-16,duplicate-id,rejected,out-of-language,out-of-language,True,153,False,False,False,False
fixture-16,forbidden-form,rejected,out-of-language,out-of-language,True,147,False,False,False,False
fixture-16,format-and-comments,legal,equivalent,equivalent,True,586,False,False,True,True
fixture-16,id-alpha,legal,equivalent,equivalent,True,588,False,False,False,True
fixture-16,ordered-sibling-swap,different,different,different,True,277,False,False,False,False
fixture-16,path-move,legal,equivalent,equivalent,True,602,False,False,False,True
fixture-16,path-rename,legal,equivalent,equivalent,True,581,False,False,False,True
fixture-16,paths-and-names,legal,equivalent,equivalent,True,584,False,False,False,True
fixture-16,selector-list-order,legal,equivalent,equivalent,True,586,False,False,True,True
fixture-17,all-orderings,legal,equivalent,equivalent,True,586,False,False,True,True
fixture-17,attribute-order,legal,equivalent,equivalent,True,586,False,False,True,True
fixture-17,broken-reference,rejected,out-of-language,out-of-language,True,164,False,False,False,False
fixture-17,changed-asset,different,different,different,True,491,False,False,False,False
fixture-17,changed-css-value,different,different,different,True,297,False,False,False,False
fixture-17,changed-selector,different,different,different,True,295,False,False,False,False
fixture-17,changed-text,different,different,different,True,323,False,False,False,False
fixture-17,class-alpha,legal,equivalent,equivalent,True,594,False,False,False,True
fixture-17,class-token-order,legal,equivalent,equivalent,True,586,False,False,True,True
fixture-17,combined-all,legal,equivalent,equivalent,True,612,False,False,False,True
fixture-17,declaration-order,legal,equivalent,equivalent,True,586,False,False,True,True
fixture-17,duplicate-id,rejected,out-of-language,out-of-language,True,153,False,False,False,False
fixture-17,forbidden-form,rejected,out-of-language,out-of-language,True,147,False,False,False,False
fixture-17,format-and-comments,legal,equivalent,equivalent,True,586,False,False,True,True
fixture-17,id-alpha,legal,equivalent,equivalent,True,588,False,False,False,True
fixture-17,ordered-sibling-swap,different,different,different,True,277,False,False,False,False
fixture-17,path-move,legal,equivalent,equivalent,True,602,False,False,False,True
fixture-17,path-rename,legal,equivalent,equivalent,True,581,False,False,False,True
fixture-17,paths-and-names,legal,equivalent,equivalent,True,584,False,False,False,True
fixture-17,selector-list-order,legal,equivalent,equivalent,True,586,False,False,True,True
fixture-18,all-orderings,legal,equivalent,equivalent,True,586,False,False,True,True
fixture-18,attribute-order,legal,equivalent,equivalent,True,586,False,False,True,True
fixture-18,broken-reference,rejected,out-of-language,out-of-language,True,164,False,False,False,False
fixture-18,changed-asset,different,different,different,True,491,False,False,False,False
fixture-18,changed-css-value,different,different,different,True,297,False,False,False,False
fixture-18,changed-selector,different,different,different,True,295,False,False,False,False
fixture-18,changed-text,different,different,different,True,335,False,False,False,False
fixture-18,class-alpha,legal,equivalent,equivalent,True,594,False,False,False,True
fixture-18,class-token-order,legal,equivalent,equivalent,True,586,False,False,True,True
fixture-18,combined-all,legal,equivalent,equivalent,True,612,False,False,False,True
fixture-18,declaration-order,legal,equivalent,equivalent,True,586,False,False,True,True
fixture-18,duplicate-id,rejected,out-of-language,out-of-language,True,153,False,False,False,False
fixture-18,forbidden-form,rejected,out-of-language,out-of-language,True,147,False,False,False,False
fixture-18,format-and-comments,legal,equivalent,equivalent,True,586,False,False,True,True
fixture-18,id-alpha,legal,equivalent,equivalent,True,588,False,False,False,True
fixture-18,ordered-sibling-swap,different,different,different,True,277,False,False,False,False
fixture-18,path-move,legal,equivalent,equivalent,True,602,False,False,False,True
fixture-18,path-rename,legal,equivalent,equivalent,True,581,False,False,False,True
fixture-18,paths-and-names,legal,equivalent,equivalent,True,584,False,False,False,True
fixture-18,selector-list-order,legal,equivalent,equivalent,True,586,False,False,True,True
fixture-19,all-orderings,legal,equivalent,equivalent,True,586,False,False,True,True
fixture-19,attribute-order,legal,equivalent,equivalent,True,586,False,False,True,True
fixture-19,broken-reference,rejected,out-of-language,out-of-language,True,164,False,False,False,False
fixture-19,changed-asset,different,different,different,True,491,False,False,False,False
fixture-19,changed-css-value,different,different,different,True,297,False,False,False,False
fixture-19,changed-selector,different,different,different,True,295,False,False,False,False
fixture-19,changed-text,different,different,different,True,315,False,False,False,False
fixture-19,class-alpha,legal,equivalent,equivalent,True,594,False,False,False,True
fixture-19,class-token-order,legal,equivalent,equivalent,True,586,False,False,True,True
fixture-19,combined-all,legal,equivalent,equivalent,True,612,False,False,False,True
fixture-19,declaration-order,legal,equivalent,equivalent,True,586,False,False,True,True
fixture-19,duplicate-id,rejected,out-of-language,out-of-language,True,153,False,False,False,False
fixture-19,forbidden-form,rejected,out-of-language,out-of-language,True,147,False,False,False,False
fixture-19,format-and-comments,legal,equivalent,equivalent,True,586,False,False,True,True
fixture-19,id-alpha,legal,equivalent,equivalent,True,588,False,False,False,True
fixture-19,ordered-sibling-swap,different,different,different,True,277,False,False,False,False
fixture-19,path-move,legal,equivalent,equivalent,True,602,False,False,False,True
fixture-19,path-rename,legal,equivalent,equivalent,True,581,False,False,False,True
fixture-19,paths-and-names,legal,equivalent,equivalent,True,584,False,False,False,True
fixture-19,selector-list-order,legal,equivalent,equivalent,True,586,False,False,True,True
fixture-20,all-orderings,legal,equivalent,equivalent,True,586,False,False,True,True
fixture-20,attribute-order,legal,equivalent,equivalent,True,586,False,False,True,True
fixture-20,broken-reference,rejected,out-of-language,out-of-language,True,164,False,False,False,False
fixture-20,changed-asset,different,different,different,True,491,False,False,False,False
fixture-20,changed-css-value,different,different,different,True,297,False,False,False,False
fixture-20,changed-selector,different,different,different,True,295,False,False,False,False
fixture-20,changed-text,different,different,different,True,327,False,False,False,False
fixture-20,class-alpha,legal,equivalent,equivalent,True,594,False,False,False,True
fixture-20,class-token-order,legal,equivalent,equivalent,True,586,False,False,True,True
fixture-20,combined-all,legal,equivalent,equivalent,True,612,False,False,False,True
fixture-20,declaration-order,legal,equivalent,equivalent,True,586,False,False,True,True
fixture-20,duplicate-id,rejected,out-of-language,out-of-language,True,153,False,False,False,False
fixture-20,forbidden-form,rejected,out-of-language,out-of-language,True,147,False,False,False,False
fixture-20,format-and-comments,legal,equivalent,equivalent,True,586,False,False,True,True
fixture-20,id-alpha,legal,equivalent,equivalent,True,588,False,False,False,True
fixture-20,ordered-sibling-swap,different,different,different,True,277,False,False,False,False
fixture-20,path-move,legal,equivalent,equivalent,True,602,False,False,False,True
fixture-20,path-rename,legal,equivalent,equivalent,True,581,False,False,False,True
fixture-20,paths-and-names,legal,equivalent,equivalent,True,584,False,False,False,True
fixture-20,selector-list-order,legal,equivalent,equivalent,True,586,False,False,True,True
fixture-21,all-orderings,legal,equivalent,equivalent,True,586,False,False,True,True
fixture-21,attribute-order,legal,equivalent,equivalent,True,586,False,False,True,True
fixture-21,broken-reference,rejected,out-of-language,out-of-language,True,164,False,False,False,False
fixture-21,changed-asset,different,different,different,True,491,False,False,False,False
fixture-21,changed-css-value,different,different,different,True,297,False,False,False,False
fixture-21,changed-selector,different,different,different,True,295,False,False,False,False
fixture-21,changed-text,different,different,different,True,337,False,False,False,False
fixture-21,class-alpha,legal,equivalent,equivalent,True,594,False,False,False,True
fixture-21,class-token-order,legal,equivalent,equivalent,True,586,False,False,True,True
fixture-21,combined-all,legal,equivalent,equivalent,True,612,False,False,False,True
fixture-21,declaration-order,legal,equivalent,equivalent,True,586,False,False,True,True
fixture-21,duplicate-id,rejected,out-of-language,out-of-language,True,153,False,False,False,False
fixture-21,forbidden-form,rejected,out-of-language,out-of-language,True,147,False,False,False,False
fixture-21,format-and-comments,legal,equivalent,equivalent,True,586,False,False,True,True
fixture-21,id-alpha,legal,equivalent,equivalent,True,588,False,False,False,True
fixture-21,ordered-sibling-swap,different,different,different,True,277,False,False,False,False
fixture-21,path-move,legal,equivalent,equivalent,True,602,False,False,False,True
fixture-21,path-rename,legal,equivalent,equivalent,True,581,False,False,False,True
fixture-21,paths-and-names,legal,equivalent,equivalent,True,584,False,False,False,True
fixture-21,selector-list-order,legal,equivalent,equivalent,True,586,False,False,True,True
fixture-22,all-orderings,legal,equivalent,equivalent,True,586,False,False,True,True
fixture-22,attribute-order,legal,equivalent,equivalent,True,586,False,False,True,True
fixture-22,broken-reference,rejected,out-of-language,out-of-language,True,164,False,False,False,False
fixture-22,changed-asset,different,different,different,True,491,False,False,False,False
fixture-22,changed-css-value,different,different,different,True,297,False,False,False,False
fixture-22,changed-selector,different,different,different,True,295,False,False,False,False
fixture-22,changed-text,different,different,different,True,327,False,False,False,False
fixture-22,class-alpha,legal,equivalent,equivalent,True,594,False,False,False,True
fixture-22,class-token-order,legal,equivalent,equivalent,True,586,False,False,True,True
fixture-22,combined-all,legal,equivalent,equivalent,True,612,False,False,False,True
fixture-22,declaration-order,legal,equivalent,equivalent,True,586,False,False,True,True
fixture-22,duplicate-id,rejected,out-of-language,out-of-language,True,153,False,False,False,False
fixture-22,forbidden-form,rejected,out-of-language,out-of-language,True,147,False,False,False,False
fixture-22,format-and-comments,legal,equivalent,equivalent,True,586,False,False,True,True
fixture-22,id-alpha,legal,equivalent,equivalent,True,588,False,False,False,True
fixture-22,ordered-sibling-swap,different,different,different,True,277,False,False,False,False
fixture-22,path-move,legal,equivalent,equivalent,True,602,False,False,False,True
fixture-22,path-rename,legal,equivalent,equivalent,True,581,False,False,False,True
fixture-22,paths-and-names,legal,equivalent,equivalent,True,584,False,False,False,True
fixture-22,selector-list-order,legal,equivalent,equivalent,True,586,False,False,True,True
fixture-23,all-orderings,legal,equivalent,equivalent,True,586,False,False,True,True
fixture-23,attribute-order,legal,equivalent,equivalent,True,586,False,False,True,True
fixture-23,broken-reference,rejected,out-of-language,out-of-language,True,164,False,False,False,False
fixture-23,changed-asset,different,different,different,True,491,False,False,False,False
fixture-23,changed-css-value,different,different,different,True,297,False,False,False,False
fixture-23,changed-selector,different,different,different,True,295,False,False,False,False
fixture-23,changed-text,different,different,different,True,323,False,False,False,False
fixture-23,class-alpha,legal,equivalent,equivalent,True,594,False,False,False,True
fixture-23,class-token-order,legal,equivalent,equivalent,True,586,False,False,True,True
fixture-23,combined-all,legal,equivalent,equivalent,True,612,False,False,False,True
fixture-23,declaration-order,legal,equivalent,equivalent,True,586,False,False,True,True
fixture-23,duplicate-id,rejected,out-of-language,out-of-language,True,153,False,False,False,False
fixture-23,forbidden-form,rejected,out-of-language,out-of-language,True,147,False,False,False,False
fixture-23,format-and-comments,legal,equivalent,equivalent,True,586,False,False,True,True
fixture-23,id-alpha,legal,equivalent,equivalent,True,588,False,False,False,True
fixture-23,ordered-sibling-swap,different,different,different,True,277,False,False,False,False
fixture-23,path-move,legal,equivalent,equivalent,True,602,False,False,False,True
fixture-23,path-rename,legal,equivalent,equivalent,True,581,False,False,False,True
fixture-23,paths-and-names,legal,equivalent,equivalent,True,584,False,False,False,True
fixture-23,selector-list-order,legal,equivalent,equivalent,True,586,False,False,True,True
