obligation,intake_evidence_level,resolution,test_or_readonly_receipt
HTML text/comment boundary,small regression confirmed old different verdict,Coalesce maximal data runs across comments before NFC/newline/blank-run normalization; do not erase spaces inside runs.,test_html_comment_text_run_coalesces; test_html_comment_preserves_internal_whitespace; test_html_comment_blank_run_and_nfc; test_html_comment_markers_in_attribute_remain_literal; test_html_unclosed_comment_rejected; test_html_tags_still_break_text_runs
CSS comment/token boundary,small regression confirmed old different verdict,Zero-width single-pass prelexical erasure outside strings is declared IWB semantics; actual whitespace and quoted literals remain significant; no standard token-stream/browser promise.,test_css_comment_compound_selector_has_no_added_space; test_css_actual_space_still_is_descendant_combinator; test_css_erasure_is_explicitly_prelexical; test_css_quoted_comment_is_data_and_unclosed_comment_rejects
Unicode negative witness,small regressions reproduced AssertionError,First unequal UTF-8 byte/EOF plus lengths; no splitlines; all six ordered separator pairs covered.,test_unicode_line_separators_get_checkable_mismatches; test_byte_witness_is_total_including_eof; test_negative_witness_fields_and_types_are_strict
Two 2-MiB assets and certificate bound,small regression reproduced 5592721-byte rejected certificate,"Full reversible base64 assets stay in canonical objects; negative witness carries byte indices, values, lengths only. Formal schema bound below512 bytes; executed pair302 bytes including newline.",test_two_2mib_assets_have_small_exact_witness; proofs/correctness.md; evidence/repair-acceptance.json
933-line same-source core,read-only source comparison confirmed,Incoming producer5--937 and checker6--938 correspond identically; repaired shared35 definitions still identical; disclose common-mode risk.,evidence/intake-findings.json; repair_acceptance.py same_source_core
512-case claim wording,read-only implementation inspection confirmed canonical_bytes only on admitted objects,"Rename to canonical-byte or structural-rejection-record agreement, not independent parsing or full parsed-object comparison.",results/combination-summary.json; evidence/result-reconciliation.json
gap shorthand,read-only allowlist inspection plus W3C8.2,Exclude gap without expansion; retain row-gap and column-gap; reject gap in either declaration ordering.,test_gap_shorthand_rejected_both_orders; test_gap_longhands_order_is_permitted
Aggregate limits,source-confirmed mixed counting levels; effect newly boundary-tested,HTML events/CSS rules/declarations aggregate over entire bundle; at and one-over small substituted thresholds span two files.,test_html_event_budget_is_bundle_wide; test_css_rule_budget_is_bundle_wide; test_css_declaration_budget_is_bundle_wide
Raw manifest paths,small regressions confirmed silent normalization,"Reject empty,dot,dotdot raw components before PurePosixPath; distinguish safe relative reference resolution.",test_raw_manifest_paths_rejected_before_normalization; test_normal_paths_and_relative_url_resolution
Deterministic first error,source-confirmed unsorted traversal risk; new creation/list-order regression,Sorted-name depth-first inventory and sorted resource validation; independent of creation and manifest-list order.,test_directory_first_error_independent_of_creation_order; test_resource_error_order_independent_of_manifest_order
Environmental failures,mock PermissionError was accepted as out-of-language before repair,"I/O, permission, disappearing paths, observed metadata changes yield environment failure; known absence from successful inventory remains structural; unexpected exceptions do not become certificates.",test_absent_root_is_environment_failure; test_permission_failure_never_certifies_language_exclusion; test_directory_io_failure_is_environment_failure; test_disappearing_entry_is_environment_failure; test_observed_same_size_change_is_environment_failure; test_unexpected_parser_failure_not_converted_to_admission; test_missing_manifest_observed_by_inventory_is_structural; test_missing_listed_file_is_structural
Incremental CSS counting and complexity,source-confirmed repeated historical-declaration summation,Increment local declaration counter and aggregate once per parsed resource; restrict O(S log S) claim to post-admission canonicalization under stated table-operation assumptions.,test_css_counter_never_rescans_completed_rules; proofs/correctness.md
Producer CLI prewrite self-check,source-confirmed absence before repair,Call actual checker before exclusive output creation; no file on failed self-check or environment failure; library only proposes candidate.,test_cli_self_check_happens_before_output; test_cli_exclusive_output_and_valid_self_check; test_cli_environment_failure_emits_no_certificate
Unavailable natural-source command,read-only archive check confirmed absent executable/inputs/results and20-byte header-only selection,"Do not reconstruct from conversation claims. Preserve header as absence evidence, remove failed active command, deliver only real reproducible stages.",repair_acceptance.py unavailable_study; evidence/unavailable-study.md
Mutation sampling units,read-only loop count,24 base certificate instances per decision x5 mutations =72 bases/360 attempts; do not call attempts independent bases.,test_mutation_sampling_unit_is_72_bases_360_attempts; results/mutation-summary.json
Stress resource units,read-only fixture count,16 content HTML+1 root HTML=17 HTML and19 resources. Preserve all incoming measurements and label new measurements separately.,test_stress_count_means_16_content_plus_one_root_html; results/stress-summary.json; evidence/retained-results/
Figure2 routing only,source and rendered crossing confirmed,Reroute original inputs outside nodes and separate directions; nodes/styles/caption preserved; Figures1/3 unchanged.,paper/source-repair-checks.json; paper/pdf-quality-audit.json
Four TAB+exttt corruptions,read-only source count4,Replace four damaged commands by valid texttt without changing their content.,paper/source-repair-checks.json; paper/pdf-quality-audit.json
R1--R6 label overlap,original page visual inspection confirmed,Each bold label is on its own line; requirement wording unchanged; all six label/body bounding boxes separated.,paper/pdf-quality-audit.json requirements
Clean reproduction and retained evidence,old ten already passed despite demonstrated defects,"Preserve original ten unchanged; record actual deterministic diffs, rerun corrected ten in isolated extraction, normalize only declared telemetry.",evidence/result-reconciliation.json; evidence/clean-reproduction.json; reproduce.py; verify_results.py
